	-7	-6	-5	-4	-3	-2	-1	0	1	2	3	4	5	6	7
A	0.075150	0.061165	0.040431	0.039450	0.095856	0.074801	0.038673	0.000000	0.059282	0.038501	0.039465	0.084113	0.060134	0.055789	0.042363
C	0.036342	0.000146	0.000380	0.019916	0.000079	0.038973	0.000206	0.000000	0.000021	0.018816	0.000182	0.000215	0.000056	0.000214	0.000047
D	0.110247	0.091296	0.137451	0.038221	0.076905	0.019686	0.136658	0.000000	0.039346	0.037650	0.118187	0.039531	0.056514	0.052995	0.020531
E	0.039426	0.095757	0.018893	0.076999	0.058865	0.058919	0.020918	0.000000	0.040042	0.060962	0.085470	0.072948	0.101400	0.136194	0.091609
F	0.039171	0.034449	0.035694	0.043756	0.018240	0.127870	0.019358	0.000000	0.020299	0.000771	0.021315	0.021314	0.017436	0.098564	0.038311
G	0.062608	0.079700	0.093266	0.039320	0.118026	0.110768	0.060115	0.000000	0.114215	0.040691	0.092987	0.019339	0.019938	0.114003	0.038570
H	0.000034	0.081951	0.038796	0.056255	0.040829	0.076806	0.050290	0.000000	0.040186	0.021079	0.066518	0.000126	0.017784	0.021164	0.000089
I	0.020610	0.020054	0.059147	0.039556	0.059229	0.021387	0.064604	0.000000	0.095713	0.058848	0.045558	0.035185	0.000337	0.019302	0.022678
K	0.041410	0.000327	0.017821	0.022423	0.000239	0.000279	0.037651	0.000000	0.000085	0.020101	0.075625	0.083737	0.075518	0.020881	0.080399
L	0.039807	0.077015	0.095249	0.074395	0.116371	0.114492	0.177008	0.000000	0.173367	0.093939	0.062380	0.094678	0.120378	0.021622	0.096940
M	0.021218	0.020921	0.019308	0.000184	0.020522	0.000600	0.000212	0.000000	0.038769	0.058940	0.000109	0.073775	0.056359	0.000237	0.036256
N	0.040054	0.037923	0.042893	0.059379	0.043015	0.039862	0.044315	0.000000	0.059467	0.016810	0.038472	0.019458	0.021366	0.099084	0.021828
P	0.060139	0.079827	0.101195	0.078768	0.021364	0.059583	0.041156	0.000000	0.101320	0.135051	0.040070	0.059858	0.095480	0.057375	0.042589
Q	0.039121	0.023547	0.000641	0.020851	0.022254	0.037942	0.077261	0.000000	0.080102	0.118162	0.044597	0.040942	0.114983	0.000307	0.074615
R	0.115913	0.037931	0.061719	0.079369	0.062256	0.057756	0.021117	0.000000	0.022544	0.057368	0.001985	0.001373	0.065992	0.062917	0.082958
S	0.116816	0.118041	0.092471	0.172233	0.115236	0.099416	0.078493	0.974452	0.038489	0.126597	0.157131	0.234687	0.118719	0.061204	0.134699
T	0.097605	0.080156	0.043783	0.117334	0.052826	0.038454	0.052733	0.025531	0.017292	0.040821	0.044485	0.062864	0.020983	0.041500	0.092729
V	0.022202	0.039987	0.040010	0.000200	0.056828	0.001583	0.054934	0.000000	0.058832	0.054125	0.022607	0.037419	0.036406	0.061338	0.041691
W	0.000006	0.000003	0.039325	0.000067	0.000012	0.000034	0.000010	0.000000	0.000078	0.000002	0.000031	0.000077	0.000010	0.000001	0.018871
Y	0.022062	0.019785	0.021488	0.021317	0.021047	0.020792	0.024287	0.000017	0.000553	0.000763	0.042826	0.018345	0.000179	0.075263	0.021632
_	0.000058	0.000018	0.000040	0.000010	0.000000	0.000000	0.000000	0.000000	0.000000	0.000002	0.000001	0.000016	0.000033	0.000045	0.000594
